"organisation_type","name","id","abbreviations","other_names"
"Ministerial departments","Attorney General's Office","D1","AGO","Attorney General's Office"
"Ministerial departments","Cabinet Office","D2","",""
"Ministerial departments","Department for Business, Energy & Industrial Strategy","D1198","BEIS","Department for Business, Energy & Industrial Strategy"
"Ministerial departments","Department for Business, Enterprise and Regulatory Reform","D611","",""
"Ministerial departments","Department for Children, Schools and Families","D609","",""
"Ministerial departments","Department for Constitutional Affairs","D587","",""
"Ministerial departments","Department for Digital, Culture, Media and Sport","D5","DCMS","Department for Digital, Culture Media & Sport|Department for Culture, Media & Sport|Department for Digital, Culture, Media & Sport|Digital, Culture, Media and Sport"
"Ministerial departments","Department for Education","D6","DfE","Department for Education"
"Ministerial departments","Department for Employment and Learning","D854","",""
"Ministerial departments","Department for Environment, Food & Rural Affairs","D7","Defra","Department for Environment Food & Rural Affairs"
"Ministerial departments","Department for Exiting the European Union","D1197","DExEU","Department for Exiting the European Union"
"Ministerial departments","Department for International Development","D8","DFID","Department for International Development"
"Ministerial departments","Department for International Trade","D1196","DIT","Department for International Trade"
"Ministerial departments","Department for Regional Development","D747","",""
"Ministerial departments","Department for Social Development","D748","",""
"Ministerial departments","Department for Transport","D9","DfT","Department for Transport"
"Ministerial departments","Department for Work and Pensions","D10","DWP","Department for Work & Pensions"
"Ministerial departments","Department of Agriculture and Rural Development","D753","",""
"Ministerial departments","Department of Culture, Arts and Leisure","D853","",""
"Ministerial departments","Department of Enterprise, Trade and Investment","D750","",""
"Ministerial departments","Department of Finance and Personnel for Northern Ireland","D605","",""
"Ministerial departments","Department of Health and Social Care","D12","DHSC","Department of Health & Social Care|Department of Health"
"Ministerial departments","Department of Health, Social Services and Public Safety","D746","",""
"Ministerial departments","Department of Trade and Industry","D586","",""
"Ministerial departments","Department of the Environment (Northern Ireland)","D591","","Department of the Environment"
"Ministerial departments","Foreign & Commonwealth Office","D13","FCO","Foreign & Commonwealth Office"
"Ministerial departments","HM Treasury","D15","HMT",""
"Ministerial departments","Home Office","D16","Home Office",""
"Ministerial departments","Ministry of Defence","D17","MOD","Ministry of Defence"
"Ministerial departments","Ministry of Housing, Communities and Local Government","D4","DCLG|MHCLG","Department for Communities and Local Government|Ministry of Housing, Communities & Local Government|Ministry of Housing, Communities & Local Government"
"Ministerial departments","Ministry of Justice","D18","MOJ","Ministry of Justice"
"Ministerial departments","Northern Ireland Office","D19","NIO","Northern Ireland Office"
"Ministerial departments","Office of the Advocate General for Scotland","D20","OAG","Office of the Advocate General for Scotland"
"Ministerial departments","Office of the Leader of the House of Commons","D21","OLHC","Office of the Leader of the House of Commons"
"Ministerial departments","Office of the Leader of the House of Lords","D22","OLHL","Office of the Leader of the House of Lords"
"Ministerial departments","Office of the Secretary of State for Wales","D24","WO","Office of the Secretary of State for Wales Swyddfa Ysgrifennydd Gwladol Cymru"
"Ministerial departments","Scotland Office","D23","","Office of the Secretary of State for Scotland"
"Ministerial departments","UK Export Finance","D241","UKEF","UK Export Finance"
"Executive offices","Prime Minister's Office, 10 Downing Street","OT532","Number 10",""
"Non-ministerial departments","Competition and Markets Authority","D550","CMA","Competition and Markets Authority"
"Non-ministerial departments","Crown Prosecution Service","D101","CPS",""
"Non-ministerial departments","Food Standards Agency","D102","FSA",""
"Non-ministerial departments","Forestry Commission","D85","Forestry",""
"Non-ministerial departments","Government Actuary's Department","D103","GAD","Government Actuary's Department"
"Non-ministerial departments","Government Legal Department","D1108","GLD","Government Legal Department"
"Non-ministerial departments","HM Land Registry","D69","HM Land Registry",""
"Non-ministerial departments","HM Revenue & Customs","D25","HMRC","HM Revenue & Customs"
"Non-ministerial departments","NS&I","EA104","NS&I",""
"Non-ministerial departments","National Crime Agency","PB558","NCA",""
"Non-ministerial departments","Office of Rail and Road","D1117","ORR","Office of Rail and Road"
"Non-ministerial departments","Ofgem","D108","",""
"Non-ministerial departments","Ofqual","D109","Ofqual",""
"Non-ministerial departments","Ofsted","D106","Ofsted",""
"Non-ministerial departments","Serious Fraud Office","D115","SFO",""
"Non-ministerial departments","Supreme Court of the United Kingdom","D435","SCUK","Supreme Court of the United Kingdom"
"Non-ministerial departments","The Charity Commission","D98","Charity Commission","Charity Commission"
"Non-ministerial departments","The National Archives","EA71","",""
"Non-ministerial departments","The Water Services Regulation Authority","D240","Ofwat","Office for Water Services"
"Non-ministerial departments","Treasury Solicitor’s Department","D30","TSol","Treasury Solicitor’s Department"
"Non-ministerial departments","UK Statistics Authority","D116","Statistics",""
"Executive agencies","Advantage West Midlands","EA927","",""
"Executive agencies","Animal and Plant Health Agency","EA1079","APHA","Animal & Plant Health Agency"
"Executive agencies","Appeals Service Agency","EA847","",""
"Executive agencies","Arts Council of Northern Ireland","EA740","",""
"Executive agencies","Centre for Environment, Fisheries and Aquaculture Science","EA53","Cefas","Centre for Environment Fisheries and Aquaculture Science"
"Executive agencies","Companies House","EA26","Companies House",""
"Executive agencies","Compensation Agency","EA707","",""
"Executive agencies","Criminal Injuries Compensation Appeals Panel for Northern Ireland","EA829","",""
"Executive agencies","Criminal Injuries Compensation Authority","PB297","CICA",""
"Executive agencies","Crown Commercial Service","EA1015","CCS","Crown Commercial Service"
"Executive agencies","Defence Communication Services Agency","EA813","",""
"Executive agencies","Defence Electronics and Components Agency","EA1113","DECA","Defence Electronics & Components Agency"
"Executive agencies","Defence Science and Technology Laboratory","EA42","Dstl",""
"Executive agencies","Department of Culture, Arts and Leisure Northern Ireland","DA1146","DCAL",""
"Executive agencies","Driver and Vehicle Licensing Agency","EA74","DVLA","Driver & Vehicle Licensing Agency"
"Executive agencies","Driver and Vehicle Standards Agency","EA570","DVSA","Driver & Vehicle Standards Agency"
"Executive agencies","Education Funding Agency","EA242","EFA","Education Funding Agency"
"Executive agencies","Education and Skills Funding Agency","EO1216","ESFA","Education & Skills Funding Agency"
"Executive agencies","Environment and Heritage Service","EA788","",""
"Executive agencies","FCO Services","EA61","FCOS",""
"Executive agencies","Forensic Science Northern Ireland","EA696","",""
"Executive agencies","Forest Enterprise (England)","EA55","FEE",""
"Executive agencies","Forest Research","EA54","",""
"Executive agencies","Government Internal Audit Agency","EA1084","GIAA","Government Internal Audit Agency"
"Executive agencies","HM Courts & Tribunals Service","EA73","HMCTS","HM Courts & Tribunals Service"
"Executive agencies","HM Courts Service","EA601","","HM Court Service"
"Executive agencies","HM Prison Service","EA321","HMPS",""
"Executive agencies","Her Majesty’s Prison and Probation Service","EA1213","HMPPS","Her Majesty’s Prison & Probation Service"
"Executive agencies","Intellectual Property Office","EA34","IPO","Intellectual Property Office"
"Executive agencies","Labour Relations Agency","EA752","",""
"Executive agencies","Land Registers of Northern Ireland","EA700","",""
"Executive agencies","Legal Aid Agency","EA556","LAA","Legal Aid Agency"
"Executive agencies","Maritime and Coastguard Agency","EA78","MCA","Maritime & Coastguard Agency"
"Executive agencies","Medicines and Healthcare products Regulatory Agency","EA63","MHRA","Medicines & Healthcare products Regulatory Agency"
"Executive agencies","Met Office","EA46","",""
"Executive agencies","National College for School Leadership","EA929","NCSL",""
"Executive agencies","National College for Teaching and Leadership","EA541","NCTL","National College for Teaching & Leadership"
"Executive agencies","National Measurement Office","EA33","NMO","National Measurement Office"
"Executive agencies","National Measurement and Regulation Office","EA1109","NMRO",""
"Executive agencies","National Offender Management Service","EA70","NOMS","National Offender Management Service"
"Executive agencies","Northern Ireland Child Support Agency","EA810","",""
"Executive agencies","Northern Ireland Prison Service","EA797","",""
"Executive agencies","Northern Ireland Social Security Agency","EA675","",""
"Executive agencies","Northern Ireland Statistics and Research Agency","EA701","NISRA",""
"Executive agencies","Office of the Public Guardian","EA72","OPG","Office of the Public Guardian"
"Executive agencies","Ordnance Survey of Northern Ireland","EA695","",""
"Executive agencies","Pension Service","OT845","",""
"Executive agencies","Pension, Disability and Carers Service","EA924","",""
"Executive agencies","Planning Inspectorate","EA39","The Planning Inspectorate","Planning Inspectorate"
"Executive agencies","Public Health England","EA480","PHE","Public Health England"
"Executive agencies","Queen Elizabeth II Conference Centre","EA40","QEIICC","Queen Elizabeth II Conference Centre"
"Executive agencies","Rivers Agency","EA630","",""
"Executive agencies","Royal Parks","EA41","Royal Parks",""
"Executive agencies","Rural Payments Agency","EA58","RPA","Rural Payments Agency"
"Executive agencies","Scottish Sports Council","EA764","",""
"Executive agencies","Service Children's Education","EA49","SCE",""
"Executive agencies","Skills Funding Agency","EA86","SFA","Skills Funding Agency"
"Executive agencies","Social Security Agency","EA756","",""
"Executive agencies","Standards and Testing Agency","EA243","STA","Standards & Testing Agency"
"Executive agencies","The Food and Environment Research Agency","EA56","Fera","The Food and Environment Research Agency"
"Executive agencies","The Insolvency Service","EA32","the Insolvency Service","The Insolvency Service"
"Executive agencies","UK Border Agency","EA67","UKBA",""
"Executive agencies","UK Debt Management Office","EA82","DMO","United Kingdom Debt Management Office"
"Executive agencies","UK Hydrographic Office","EA51","UKHO",""
"Executive agencies","UK Space Agency","EA31","",""
"Executive agencies","Valuation Office Agency","EA87","VOA",""
"Executive agencies","Valuation and Lands Agency","EA687","",""
"Executive agencies","Vehicle Certification Agency","EA80","VCA","Vehicle Certification Agency"
"Executive agencies","Veterinary Medicines Directorate","EA60","VMD","Veterinary Medicines Directorate"
"Executive agencies","Water Service (Northern Ireland)","EA689","",""
"Executive agencies","Wilton Park","EA62","Wilton Park",""
"Executive agencies","Youth Justice Agency of Northern Ireland","EA697","",""
"Other bodies","Academy for Justice Commissioning","OT1025","",""
"Other bodies","Academy for Social Justice Commissioning","OT1208","","Academy for Social Justice Commissioning"
"Other bodies","Accelerated Access Review","OT1137","AAR","Accelerated Access Review"
"Other bodies","Administration of Radioactive Substances Advisory Committee","PB523","ARSAC","Administration of Radioactive Substances Advisory Committee"
"Other bodies","Administrative Justice and Tribunals Council Welsh Committee","OT1012","",""
"Other bodies","Advisory Committee on Animal Feedingstuffs","PB573","ACAF","Advisory Committee on Animal Feedingstuffs"
"Other bodies","Advisory Committee on Business Appointments","PB336","ACOBA",""
"Other bodies","Advisory Committee on Clinical Excellence Awards","OT522","ACCEA","Advisory Committee on Clinical Excellence Awards"
"Other bodies","Advisory Committee on Conscientious Objectors","PB392","ACCO","Advisory Committee on Conscientious Objectors"
"Other bodies","Advisory Committee on Novel Foods and Processes","PB574","ACNFP","Advisory Committee on Novel Foods and Processes"
"Other bodies","Advisory Committee on Releases to the Environment","PB209","ACRE","Advisory Committee on Releases to the Environment"
"Other bodies","Advisory Committee on the Microbiological Safety of Food","PB575","ACMSF","Advisory Committee on the Microbiological Safety of Food"
"Other bodies","Advisory Committees on Justices of the Peace","PB437","ACJP","Advisory Committees on Justices of the Peace"
"Other bodies","Advisory Council on the Misuse of Drugs","PB271","ACMD","Advisory Council on the Misuse of Drugs"
"Other bodies","Advisory Group on Military Medicine","PB393","AGoMM","Advisory Group on Military Medicine"
"Other bodies","Advisory, Conciliation and Arbitration Service","PB28","Acas",""
"Other bodies","Agri-Food and Biosciences Institute (Northern Ireland)","PB1072","","Agri-Food and Biosciences Institute"
"Other bodies","Agricultural Dwelling House Advisory Committees (x16)","PB421","ADHAC",""
"Other bodies","Agricultural Wages Committee","PB420","AWC","Agricultural Wages Committee (x15)"
"Other bodies","Agriculture and Horticulture Development Board","OT204","AHDB","Agriculture and Horticulture Development Board"
"Other bodies","Air Accidents Investigation Branch","OT248","AAIB","Air Accidents Investigation Branch"
"Other bodies","Ancient Monuments Board for Scotland","OT988","",""
"Other bodies","Animals in Science Committee","PB534","ASC",""
"Other bodies","Armagh Observatory and Planetarium","OT769","",""
"Other bodies","Armed Forces' Pay Review Body","PB394","AFPRB",""
"Other bodies","Arts Council England","PB165","",""
"Other bodies","Arts Council of Wales","OT731","",""
"Other bodies","Arts and Humanities Research Council","PB123","AHRC",""
"Other bodies","Ashington Education Action Zone","OT861","",""
"Other bodies","Azelle Rodney Inquiry","OT972","",""
"Other bodies","BPDTS Ltd","OT1236","",""
"Other bodies","Baha Mousa Inquiry","OT963","",""
"Other bodies","Bank of England","OT1016","","Bank of England"
"Other bodies","Barker Review of Land Use Planning","OT1006","",""
"Other bodies","Barrow Education Action Zone","OT766","",""
"Other bodies","Bedford Education Action Zone","OT662","",""
"Other bodies","Better Regulation Delivery Office","OT569","BRDO","Better Regulation Delivery Office"
"Other bodies","Big Lottery Fund","PB188","BIG",""
"Other bodies","Billy Wright Inquiry","OT951","",""
"Other bodies","Biometrics Commissioner","OT548","","Biometrics Commissioner"
"Other bodies","Biometrics and Forensics Ethics Group","PB1222","","Biometrics and Forensics Ethics Group"
"Other bodies","Biotechnology and Biological Sciences Research Council","PB317","BBSRC","Biotechnology & Biological Sciences Research Council"
"Other bodies","Bloody Sunday Inquiry","OT944","",""
"Other bodies","Board of Banking Supervision","OT996","",""
"Other bodies","Board of Inland Revenue","OT594","",""
"Other bodies","Board of Trustees of the Royal Botanic Gardens Kew","PB508","","Board of Trustees of the Royal Botanic Gardens Kew"
"Other bodies","Bolton Education Action Zone","OT640","",""
"Other bodies","Bona Vacantia","OT564","BVD",""
"Other bodies","Border Force","OT535","BF",""
"Other bodies","Boundary Commission for England","PB337","BCE",""
"Other bodies","Boundary Commission for Northern Ireland","OT428","BCNI",""
"Other bodies","Boundary Commission for Scotland","OT431","BCS","Boundary Commission for Scotland"
"Other bodies","Boundary Commission for Wales","OT432","BCW","Boundary Commission for Wales"
"Other bodies","Bridgwater Education Action Zone","OT684","",""
"Other bodies","Bristol Education Action Zone","OT666","",""
"Other bodies","British Business Bank","OT1148","BBB","British Business Bank"
"Other bodies","British Cattle Movement Service","OT1051","BCMS",""
"Other bodies","British Council","OT313","British Council",""
"Other bodies","British Film Institute","PB189","BFI",""
"Other bodies","British Forces Post Office","OT878","",""
"Other bodies","British Hallmarking Council","PB124","BHC","British Hallmarking Council"
"Other bodies","British Library","PB166","BL","The British Library"
"Other bodies","British Museum","PB167","BM",""
"Other bodies","British Pharmacopoeia Commission","PB524","","British Pharmacopoeia"
"Other bodies","British Transport Police Authority","PB461","BTPA",""
"Other bodies","Broadmoor Hospital investigation","OT533","","Broadmoor Hospital investigation"
"Other bodies","Broads Authority","OT216","",""
"Other bodies","Building Regulations Advisory Committee","PB160","BRAC","Building Regulations Advisory Committee"
"Other bodies","CESG","OT563","CESG",""
"Other bodies","Cabinet Office Board","OT1201","","Cabinet Office Board"
"Other bodies","Camborne, Pool and Redruth Education Action Zone","OT670","",""
"Other bodies","Capital for Enterprise Limited","PB147","CfEL","Capital for Enterprise Ltd"
"Other bodies","Care Quality Commission","PB251","CQC","Care Quality Commission"
"Other bodies","Careers Wales","OT1102","",""
"Other bodies","Central Advisory Committee on Compensation","PB1194","CAC Compensation","Central Advisory Committee on Compensation"
"Other bodies","Central Advisory Committee on Pensions and Compensation","PB395","CAC Pensions and Compensation","Central Advisory Committee on Pensions and Compensation"
"Other bodies","Centre for Connected and Autonomous Vehicles","OT1223","CCAV",""
"Other bodies","Centre for Defence Enterprise","OT1064","CDE",""
"Other bodies","Centre for the Protection of National Infrastructure","OT567","CPNI","Centre for the Protection of National Infrastructure"
"Other bodies","Certification Officer","PB139","Certification Officer",""
"Other bodies","Chemical and Biological Defence Establishment","OT992","",""
"Other bodies","Chevening Scholarship Programme","OT492","Chevening",""
"Other bodies","Chief Fire and Rescue Adviser","OT504","CFRA","CFRA"
"Other bodies","Civil Justice Council","PB293","CJC",""
"Other bodies","Civil Nuclear Constabulary","OT1063","CNC",""
"Other bodies","Civil Nuclear Police Authority","PB194","CNPA","Civil Nuclear Police Authority"
"Other bodies","Civil Procedure Rule Committee","PB440","CPRC",""
"Other bodies","Civil Service Board","OT1200","","Civil Service Board"
"Other bodies","Civil Service Commission","PB366","CSC",""
"Other bodies","Civil Service Fast Stream","OT1121","",""
"Other bodies","Civil Service Fast Track Apprenticeship","OT1167","",""
"Other bodies","Civil Service Reform","OT1055","CSR","Civil Service reform"
"Other bodies","Civil Service Resourcing","OT1076","",""
"Other bodies","Clacton and Harwich Education Action Zone","OT677","",""
"Other bodies","Coal Authority","PB195","","Coal Authority"
"Other bodies","College of Policing","OT1235","","College of Policing"
"Other bodies","Commission for Architecture and the Built Environment (CABE)","PB842","",""
"Other bodies","Commission for Social Care Inspection","OT824","",""
"Other bodies","Commission on Human Medicines","PB525","CHM",""
"Other bodies","Commissioner for Public Appointments","OT517","","Commissioner for Public Appointments"
"Other bodies","Committee on Climate Change","PB196","CCC","Committee on Climate Change"
"Other bodies","Committee on Fuel Poverty","PB1172","CFP","Committee on Fuel Poverty"
"Other bodies","Committee on Mutagenicity of Chemicals in Food, Consumer Products and the Environment","PB526","COM","Committee on Mutagenicity of Chemicals in Food, Consumer Products and the Environment"
"Other bodies","Committee on Radioactive Waste Management","PB191","CoRWM","Committee on Radioactive Waste Management"
"Other bodies","Committee on Standards in Public Life","PB158","CSPL",""
"Other bodies","Committee on Toxicity of Chemicals in Food, Consumer Products and the Environment","PB576","COT","Committee on Toxicity of Chemicals in Food, Consumer Products and the Environment"
"Other bodies","Commonwealth Scholarship Commission in the UK","PB226","CSC",""
"Other bodies","Community Development Foundation","OT760","",""
"Other bodies","Company Names Tribunal","PB1062","",""
"Other bodies","Competition Service","PB318","CS",""
"Other bodies","Construction Industry Training Board","PB126","CITB","Construction Industry Training Board"
"Other bodies","Consumer Council for Postal Services","OT732","",""
"Other bodies","Consumer Council for Water","PB198","CCWater","Consumer Council for Water"
"Other bodies","Cooksey Review","OT1008","",""
"Other bodies","Corby Education Action Zone","OT665","",""
"Other bodies","Council for Catholic Maintained Schools","OT778","",""
"Other bodies","Council for Science and Technology","PB121","CST","Council for Science and Technology"
"Other bodies","Counter Fraud and Security Management Service","OT690","",""
"Other bodies","Court of Judicature of Northern Ireland","OT780","",""
"Other bodies","Covent Garden Market Authority","OT214","CGMA",""
"Other bodies","Coventry Education Action Zone","OT671","",""
"Other bodies","Creative Scotland","OT964","",""
"Other bodies","Criminal Cases Review Commission","IM320","CCRC",""
"Other bodies","Criminal Injuries Compensation Appeals Panel","OT837","",""
"Other bodies","Criminal Justice Inspection Northern Ireland","OT772","",""
"Other bodies","Criminal Procedure Rule Committee","PB516","","Criminal Procedure Rule Committee"
"Other bodies","Dartmoor National Park Authority","OT217","DNPA","Dartmoor National Park Authority"
"Other bodies","Deepcut Review","OT773","",""
"Other bodies","Defence Academy of the United Kingdom","OT405","DA","Defence Academy of the United Kingdom"
"Other bodies","Defence Equipment and Support","OT495","DE&S","Defence Equipment and Support"
"Other bodies","Defence Infrastructure Organisation","OT496","DIO",""
"Other bodies","Defence Intelligence and Security Centre","OT720","",""
"Other bodies","Defence Nuclear Safety Committee","PB396","DNSC","Defence Nuclear Safety Committee"
"Other bodies","Defence Safety Authority","OT1191","DSA","Defence Safety Authority"
"Other bodies","Defence Scientific Advisory Council","PB397","DSAC","Defence Scientific Advisory Council"
"Other bodies","Defence Sixth Form College","OT411","DSFC",""
"Other bodies","Defence and Security Accelerator","OT1206","","Defence and Security Accelerator"
"Other bodies","Defence and Security Media Advisory Committee","OT1153","DSMA","Defence and Security Media Advisory Committee"
"Other bodies","Defence, Press and Broadcasting Advisory Committee","OT408","DPBAC","Defence, Press and Broadcasting Advisory Committee"
"Other bodies","Department for Communities (Northern Ireland)","OT1173","","Department for Communities (Northern Ireland)"
"Other bodies","Department for Infrastructure (Northern Ireland)","OT1176","","Department for Infrastructure (Northern Ireland)"
"Other bodies","Department for International Trade Defence & Security Organisation","OT1026","DIT DSO","Department for International Trade Defence & Security Organisation"
"Other bodies","Department for the Economy (Northern Ireland)","OT1174","","Department for the Economy (Northern Ireland)"
"Other bodies","Department of Agriculture, Environment and Rural Affairs (Northern Ireland)","OT1178","",""
"Other bodies","Department of Education (Northern Ireland)","D585","",""
"Other bodies","Department of Finance (Northern Ireland)","OT1177","",""
"Other bodies","Department of Health (Northern Ireland)","OT1175","",""
"Other bodies","Department of Justice (Northern Ireland)","D1073","","Department of Justice (Northern Ireland)"
"Other bodies","Design Council","OT893","",""
"Other bodies","Digital, data and technology professions","OT1182","","Digital, Data and Technology Profession"
"Other bodies","Directly Operated Railways Limited","PB459","DOR","Directly Operated Railways Limited"
"Other bodies","Disabled People’s Employment Corporation","PB1152","DPEC",""
"Other bodies","Disabled Persons Transport Advisory Committee","PB247","DPTAC","Disabled Persons Transport Advisory Committee (DPTAC)"
"Other bodies","Disclosure and Barring Service","PB509","DBS","Disclosure & Barring Service"
"Other bodies","District Valuer Services (DVS)","OT1080","DVS",""
"Other bodies","Dounreay Site Restoration Ltd","OT1238","","Dounreay Site Restoration Ltd"
"Other bodies","Drinking Water Inspectorate","OT425","DWI",""
"Other bodies","East West Railway Company","OT1233","EWRC",""
"Other bodies","Eastern Health and Social Services Board","OT865","",""
"Other bodies","Ebbsfleet Development Corporation","PB1154","","Ebbsfleet Development Corporation"
"Other bodies","Economic and Social Research Council","PB129","ESRC","Economic and Social Research Council"
"Other bodies","Efficiency and Reform Group","OT507","ERG",""
"Other bodies","Eliasch Review","OT1010","",""
"Other bodies","Engineering Construction Industry Training Board","PB131","ECITB","Engineering Construction Industry Training Board"
"Other bodies","Engineering and Physical Sciences Research Council","PB130","EPSRC","Engineering and Physical Sciences Research Council"
"Other bodies","English Institute of Sport","OT957","",""
"Other bodies","Environment Agency","EA199","EA",""
"Other bodies","Equality Commission for Northern Ireland","OT779","",""
"Other bodies","Equality and Human Rights Commission","OT269","EHRC",""
"Other bodies","Estyn","DA1105","",""
"Other bodies","Exmoor National Park Authority","OT219","Exmoor","Exmoor National Park Authority"
"Other bodies","Export Control Organisation","OT557","ECJU","Export Control Joint Unit"
"Other bodies","Export Guarantees Advisory Council","PB357","EGAC",""
"Other bodies","Family Justice Council","PB441","FJC",""
"Other bodies","Family Procedure Rule Committee","PB442","FPRC",""
"Other bodies","Financial Conduct Authority","OT1085","FCA",""
"Other bodies","Financial Services Organisation","OT1082","",""
"Other bodies","Financial Services Trade and Investment Board","OT1169","FSTIB",""
"Other bodies","Fire Authority for Northern Ireland","OT759","",""
"Other bodies","Fire Service College","EA37","FSC",""
"Other bodies","Fisheries Conservancy Board for Northern Ireland","OT807","",""
"Other bodies","Fleet Air Arm Museum","PB311","","Fleet Air Arm Museum"
"Other bodies","Food Safety Promotion Board","PB870","",""
"Other bodies","Forensic Science Regulator","OT536","FSR","Forensic Science Regulator"
"Other bodies","Forest Service","OT825","","Department of Agriculture and Rural Development"
"Other bodies","Fuel Poverty Advisory Group","PB192","FPAG","Fuel Poverty Advisory Group"
"Other bodies","Further and Higher Education Funding Councils for Wales","OT1000","",""
"Other bodies","Gambling Commission","PB169","GC",""
"Other bodies","Gangmasters and Labour Abuse Authority","PB200","GLA|GLAA","Gangmasters Licensing Authority|Gangmasters Licensing Authority|Gangmasters and Labour Abuse Authority"
"Other bodies","Geffrye Museum","PB170","GMus",""
"Other bodies","General Advisory Committee on Science","PB577","GACS","General Advisory Committee on Science"
"Other bodies","General Consumer Council for Northern Ireland","OT809","",""
"Other bodies","Government Chemist","OT1061","Government Chemist",""
"Other bodies","Government Commercial Function","OT1116","GCF",""
"Other bodies","Government Communication Service","OT1034","GCS","Government Communication Service"
"Other bodies","Government Communications Headquarters","OT306","GCHQ",""
"Other bodies","Government Corporate Finance Profession","OT1050","GCFP",""
"Other bodies","Government Digital Service","OT1056","GDS",""
"Other bodies","Government Economic Service","OT1037","",""
"Other bodies","Government Equalities Office","OT506","GEO","Government Equalities Office"
"Other bodies","Government Estates Management","OT549","GEM","Government Estates Management"
"Other bodies","Government Finance Profession","OT1035","",""
"Other bodies","Government IT Profession","OT1053","","Government IT profession"
"Other bodies","Government Knowledge & Information Management Profession","OT1048","","Government knowledge & information management profession"
"Other bodies","Government Legal Service","OT1033","GLS",""
"Other bodies","Government Occupational Psychology Profession","OT1049","","Government occupational psychology profession"
"Other bodies","Government Office for Science","OT555","GO-Science","Government Office for Science"
"Other bodies","Government Operational Research Service","OT1042","","Government operational research service"
"Other bodies","Government Planning Inspectors","OT1045","","Government planning inspectors"
"Other bodies","Government Planning Profession","OT1044","",""
"Other bodies","Government Property Profession","OT1039","",""
"Other bodies","Government Science & Engineering Profession","OT1040","","Government Science & Engineering"
"Other bodies","Government Security Profession","OT1070","",""
"Other bodies","Government Social Research Profession","OT1043","","Government social research profession"
"Other bodies","Government Statistical Service","OT1041","",""
"Other bodies","Government Tax Profession","OT1046","",""
"Other bodies","Government Veterinary Services","OT1047","",""
"Other bodies","Great Britain-China Centre","PB426","GBCC","Great Britain China Centre"
"Other bodies","Groceries Code Adjudicator","OT551","GCA",""
"Other bodies","H.M. Inspectorate of Explosives for Northern Ireland","OT686","",""
"Other bodies","HM Crown Prosecution Service Inspectorate","OT347","HMCPSI","HM Crown Prosecution Service Inspectorate"
"Other bodies","HM Inspectorate of Constabulary and Fire & Rescue Services","OT281","HMIC|HMICFRS","HM Inspectorate of Constabulary"
"Other bodies","HM Inspectorate of Prisons","IM324","","Her Majesty's Inspectorate of Prisons"
"Other bodies","HM Inspectorate of Probation","IM325","","Her Majesty's Inspectorate of Probation"
"Other bodies","HM Nautical Almanac Office","OT1023","HMNAO",""
"Other bodies","HM Passport Office","EA66","HM Passport Office","HM Passport Office"
"Other bodies","Health Education England","OT539","HEE","Health Education England"
"Other bodies","Health Research Authority","OT483","HRA","The Health Research Authority"
"Other bodies","Health and Safety Executive","PB207","HSE","Health and Safety Executive"
"Other bodies","Health and Social Care Information Centre","OT538","HSCIC","Health and Social Care Information Centre"
"Other bodies","Healthcare UK","OT559","Healthcare UK",""
"Other bodies","Heart of Slough Education Action Zone","OT738","",""
"Other bodies","Her Majesty's Government Communications Centre","OT1209","HMGCC",""
"Other bodies","Her Majesty's Magistrates Courts Service Inspectorate","OT997","",""
"Other bodies","Heritage Lottery Fund (administered by the NHMF)","PC390","HLF","Heritage Lottery Fund"
"Other bodies","High Speed Two (HS2) Limited","PB460","HS2 Ltd","High Speed Two Limited"
"Other bodies","Higher Education Funding Council for England","PB120","HEFCE","Higher Education Funding Council for England"
"Other bodies","Higher Education Statistics Agency","OT1088","HESA","Higher Education Statistics Agency"
"Other bodies","Highways England","EA1114","Highways England",""
"Other bodies","Historic England","PB1164","HE",""
"Other bodies","Homes England","PB1232","",""
"Other bodies","Homes and Communities Agency","PB161","HCA","Homes & Communities Agency"
"Other bodies","Horniman Public Museum and Public Park Trust","PB171","Horniman","Horniman Museum"
"Other bodies","Horserace Betting Levy Board","PB118","HBLB",""
"Other bodies","House of Lords Appointments Commission","IM341","HOLAC","House of Lords Appointments Commission"
"Other bodies","Housing Ombudsman","PB372","HOS",""
"Other bodies","Human Fertilisation and Embryology Authority","PB253","HFEA","Human Fertilisation and Embryology Authority"
"Other bodies","Human Resources Profession","OT1036","","HR Profession"
"Other bodies","Human Tissue Authority","PB254","HTA","Human Tissue Authority"
"Other bodies","Hybu Cig Cymru - Meat Promotion Wales","OT681","",""
"Other bodies","ICL Inquiry","OT925","",""
"Other bodies","Identity and Passport Service","OT885","",""
"Other bodies","Immigration Enforcement","OT1069","IE",""
"Other bodies","Imperial War Museum","PB172","IWM",""
"Other bodies","Independent Advisory Panel on Deaths in Custody","PB443","IAPDC","IAPDC"
"Other bodies","Independent Agricultural Appeals Panel","PB210","IAAP","Independent Agricultural Appeals Panel"
"Other bodies","Independent Case Examiner","OT579","ICE",""
"Other bodies","Independent Chief Inspector of Borders and Immigration","OT284","ICIBI","Independent Chief Inspector of Borders and Immigration"
"Other bodies","Independent Commission for Aid Impact","IM335","ICAI","Independent Commission for Aid Impact"
"Other bodies","Independent Commission on Freedom of Information","PB1149","","Independent Commission on Freedom of Information"
"Other bodies","Independent Complaints Reviewer","OT1099","ICR",""
"Other bodies","Independent Dormant Assets Commission","PB1185","",""
"Other bodies","Independent Family Returns Panel","OT1122","IFRP",""
"Other bodies","Independent Medical Expert Group","PB1017","IMEG",""
"Other bodies","Independent Monitoring Boards of Prisons, Immigration, Removal Centres and Short Term Holding Rooms","OT444","IMB","Independent Monitoring Boards"
"Other bodies","Independent Parliamentary Standards Authority","PB1219","IPSA","Independent Parliamentary Standards Authority"
"Other bodies","Independent Police Complaints Commission","PB456","IPCC",""
"Other bodies","Independent Reconfiguration Panel","PB527","IRP","Independent Reconfiguration Panel"
"Other bodies","Independent Review of Police Officer and Staff Remuneration and Conditions","OT619","",""
"Other bodies","Independent Reviewer of Terrorism Legislation","OT511","Independent Reviewer","Independent Reviewer of Terrorism Legislation"
"Other bodies","Industrial Development Advisory Board","OT152","IDAB","Industrial Development Advisory Board"
"Other bodies","Industrial Injuries Advisory Council","PB231","IIAC",""
"Other bodies","Information Commissioner's Office","PB298","ICO",""
"Other bodies","Information Services Division (Scotland)","OT1074","ISD Scotland","Information Services Division Scotland"
"Other bodies","Infrastructure and Projects Authority","OT1166","IPA","Infrastructure and Projects Authority"
"Other bodies","Innovate UK","PB1078","Innovate UK",""
"Other bodies","Insolvency Rules Committee","PB445","IRC",""
"Other bodies","Institute for Apprenticeships","PB1214","IFA","Institute for Apprenticeships"
"Other bodies","Intelligence Analysis","OT1052","",""
"Other bodies","Intelligence Services Commissioner","OT512","ISC","Intelligence Services Commissioner"
"Other bodies","Interception of Communications Commissioner","OT513","Interception Commissioner   ","Interception of Communications Commissioner"
"Other bodies","Internal Audit Profession","OT1038","",""
"Other bodies","Investors in People UK","OT896","",""
"Other bodies","Joint Forces Command","OT498","JFC",""
"Other bodies","Joint Nature Conservation Committee","PB201","JNCC","Joint Nature Conservation Committee"
"Other bodies","Judicial Appointments Commission","PB299","JAC",""
"Other bodies","Judicial Appointments and Conduct Ombudsman","IM333","JACO","Judicial Appointments and Conduct Ombudsman"
"Other bodies","Judicial Office","OT1215","JO","Judicial Office"
"Other bodies","Kitts Green and Shard End Education Action Zone","OT632","",""
"Other bodies","Lake District National Park Authority","OT220","LDNP","Lake District National Park Authority"
"Other bodies","Lammy Review","OT1190","",""
"Other bodies","Land Registration Rule Committee","PB358","LRRC",""
"Other bodies","Law Commission","PB294","",""
"Other bodies","Leasehold Advisory Service","PB373","LEASE",""
"Other bodies","Legal Services Board","IM332","LSB",""
"Other bodies","Life Sentence Review Commissioners","OT877","",""
"Other bodies","Livestock and Meat Commission for Northern Ireland","OT849","",""
"Other bodies","Local Government Ombudsman","PB503","LGO",""
"Other bodies","Loughs Agency","OT862","",""
"Other bodies","Low Level Waste Repository Ltd","OT1240","","Low Level Waste Repository Ltd"
"Other bodies","Low Pay Commission","PB122","LPC",""
"Other bodies","Macur Review","OT1057","",""
"Other bodies","Magnox Ltd","OT1239","",""
"Other bodies","Marine Accident Investigation Branch","PC472","MAIB","Marine Accident Investigation Branch"
"Other bodies","Marine Management Organisation","PB57","MMO","Marine Management Organisation"
"Other bodies","Marshall Aid Commemoration Commission","OT315","MACC","Marshall Aid Commemoration Commission"
"Other bodies","Medical Profession","OT1054","",""
"Other bodies","Medical Research Council","PB132","MRC",""
"Other bodies","Migration Advisory Committee","PB275","MAC","Migration Advisory Committee"
"Other bodies","Military Aviation Authority","OT1071","MAA","Military Aviation Authority"
"Other bodies","Morecambe Bay Investigation","OT565","","Morecambe Bay Investigation"
"Other bodies","NHS Blood and Transplant","OT486","NHSBT",""
"Other bodies","NHS Business Services Authority","OT529","NHSBSA","NHS Business Services Authority"
"Other bodies","NHS Counter Fraud Agency","OT1243","NHSCFA",""
"Other bodies","NHS Digital","PB1202","","NHS Digital"
"Other bodies","NHS Direct National Health Service Trust","OT802","",""
"Other bodies","NHS England","PB481","",""
"Other bodies","NHS Improvement","PB1199","",""
"Other bodies","NHS Pay Review Body","PB531","NHSPRB","NHS Pay Review Body"
"Other bodies","NHS Resolution","OT488","NHSLA","NHS Litigation Authority"
"Other bodies","NHS Trust Development Authority","OT484","NHS TDA",""
"Other bodies","NHS Wales Informatics Service","OT1104","","NHS Wales Informatics Service"
"Other bodies","National Army Museum","PB307","NAM",""
"Other bodies","National Counter Terrorism Security Office","OT1089","NaCTSO",""
"Other bodies","National Crime Agency Remuneration Review Body","PB580","NCARRB",""
"Other bodies","National Cyber Security Centre","OT1211","NCSC","NCSC"
"Other bodies","National DNA Database Ethics Group","PB276","NDNAD","National DNA Database Ethics Group"
"Other bodies","National Data Guardian","OT1180","NDG","National Data Guardian"
"Other bodies","National Employer Advisory Board","PB399","NEAB","National Employer Advisory Board"
"Other bodies","National Endowment for Science, Technology and the Arts","OT658","",""
"Other bodies","National Forest Company","PB415","NFC",""
"Other bodies","National Gallery","PB174","",""
"Other bodies","National Heritage Memorial Fund","PB175","NHMF",""
"Other bodies","National Information Board","OT1090","NIB",""
"Other bodies","National Infrastructure Commission","OT1161","","National Infrastructure Commission"
"Other bodies","National Institute for Health and Care Excellence","PB474","NICE","National Institute for Health and Care Excellence"
"Other bodies","National Museum of the Royal Navy","PB290","RNM","Royal Naval Museum"
"Other bodies","National Museums Liverpool","PB178","NML",""
"Other bodies","National Museums and Galleries of Northern Ireland","OT868","",""
"Other bodies","National Museums of Scotland","OT987","",""
"Other bodies","National Portrait Gallery","PB179","NPG",""
"Other bodies","National Probation Service","OT723","NPS",""
"Other bodies","National Records of Scotland","OT1075","National Records of Scotland",""
"Other bodies","National School of Government","OT891","",""
"Other bodies","National security and intelligence","OT505","",""
"Other bodies","Natural England","PB202","Natural England",""
"Other bodies","Natural Environment Research Council","PB133","NERC",""
"Other bodies","Natural History Museum","PB180","NHM",""
"Other bodies","Natural Resources Wales","OT1103","","Natural Resources Wales"
"Other bodies","New Forest National Park Authority","OT222","NFNPA","New Forest National Park Authority"
"Other bodies","North East Education and Library Board","OT781","",""
"Other bodies","North York Moors National Park Authority","OT223","NYMNP","North York Moors National Park Authority"
"Other bodies","Northern Health and Social Services Board","OT863","",""
"Other bodies","Northern Ireland Audit Office","OT634","",""
"Other bodies","Northern Ireland Authority for Energy Regulation","OT761","",""
"Other bodies","Northern Ireland Commissioner for Children and Young People","OT838","",""
"Other bodies","Northern Ireland Council for the Curriculum, Examinations and Assessment","OT644","",""
"Other bodies","Northern Ireland Court Service","EA725","",""
"Other bodies","Northern Ireland Health and Social Services Estates Agency","EA791","",""
"Other bodies","Northern Ireland Housing Executive","PB1212","NIHE",""
"Other bodies","Northern Ireland Human Rights Commission","OT429","NIHRC",""
"Other bodies","Northern Ireland Judicial Appointments Commission","OT880","",""
"Other bodies","Northern Ireland Judicial Appointments Ombudsman","OT1003","",""
"Other bodies","Northern Ireland Law Commission","OT937","",""
"Other bodies","Northern Ireland Legal Services Commission","OT783","",""
"Other bodies","Northern Ireland Local Government Officers' Superannuation Committee","OT758","",""
"Other bodies","Northern Ireland Ombudsman","OT828","",""
"Other bodies","Northern Ireland Police Fund","OT935","",""
"Other bodies","Northern Ireland Policing Board","OT649","",""
"Other bodies","Northern Ireland Practice and Education Council","OT856","",""
"Other bodies","Northern Ireland Social Care Council","OT770","",""
"Other bodies","Northern Ireland Tourist Board","OT820","",""
"Other bodies","Northern Lighthouse Board","PB463","NLB",""
"Other bodies","Northumberland National Park Authority","OT543","","Northumberland National Park Authority"
"Other bodies","Nuclear Decommissioning Authority","PB197","NDA","Nuclear Decommissioning Authority"
"Other bodies","Nuclear Liabilities Financing Assurance Board","PB193","NLFAB","Nuclear Liabilities Financing Assurance Board"
"Other bodies","Nuclear Research Advisory Council","PB400","NRAC","Nuclear Research Advisory Council"
"Other bodies","Ofcom","OT385","Ofcom",""
"Other bodies","Office for Budget Responsibility","PB260","OBR","Office for Budget Responsibility"
"Other bodies","Office for Criminal Justice Reform","OT610","",""
"Other bodies","Office for Disability Issues","OT1066","ODI","Office for Disability Issues"
"Other bodies","Office for Fair Access","PB134","OFFA",""
"Other bodies","Office for Life Sciences","OT502","OLS",""
"Other bodies","Office for Low Emission Vehicles","OT514","OLEV",""
"Other bodies","Office for National Statistics","D303","ONS",""
"Other bodies","Office of Financial Sanctions Implementation","OT1187","OFSI","Office of Financial Sanctions Implementation HM Treasury"
"Other bodies","Office of Manpower Economics","PB266","OME",""
"Other bodies","Office of the Chief Electoral Officer for Northern Ireland","OT744","",""
"Other bodies","Office of the Children's Commissioner","PB413","","The Office of the Children's Commissioner"
"Other bodies","Office of the Commissioner for the Rights of Trade Union Members","OT940","",""
"Other bodies","Office of the First Minister and Deputy First Minister","OT749","",""
"Other bodies","Office of the Immigration Services Commissioner","PB263","OISC",""
"Other bodies","Office of the Lay Observer","OT976","",""
"Other bodies","Office of the Legal Services Complaints Commissioner","OT600","",""
"Other bodies","Office of the Parliamentary Counsel","OT515","OPC",""
"Other bodies","Office of the Police Ombudsman for Northern Ireland","OT636","",""
"Other bodies","Office of the Registrar of Consultant Lobbyists","OT1091","ORCL",""
"Other bodies","Office of the Regulator of Community Interest Companies","OT553","CIC Regulator",""
"Other bodies","Office of the Schools Adjudicator","OT1027","OSA","Office of the Schools Adjudicator"
"Other bodies","Official Solicitor and Public Trustee","OT328","OSPT","Official Solicitor and Public Trustee"
"Other bodies","Oil and Gas Authority","EA1119","OGA","Oil & Gas Authority"
"Other bodies","Open Public Services","OT566","OPS",""
"Other bodies","Operational Delivery Profession","OT1029","",""
"Other bodies","Parades Commission for Northern Ireland","OT430","PCNI",""
"Other bodies","Parliamentary Contributory Pension Fund","OT661","",""
"Other bodies","Parole Board","PB301","Parole Board",""
"Other bodies","Parole Commissioners for Northern Ireland","OT913","",""
"Other bodies","Passenger Focus","PB464","PF",""
"Other bodies","Payment Systems Regulator","OT1151","PSR",""
"Other bodies","Peak District National Park Authority","OT545","PDNP","Peak District National Park Authority"
"Other bodies","Phoenix Sports","OT910","",""
"Other bodies","Planning Service","OT714","",""
"Other bodies","Police Advisory Board for England and Wales","PB273","PAB",""
"Other bodies","Police Remuneration Review Body","PB1083","PRRB",""
"Other bodies","Police Service of Northern Ireland","OT657","",""
"Other bodies","Policy Profession","OT1030","",""
"Other bodies","Porton Biopharma Limited","OT1184","PBL",""
"Other bodies","Preventing Sexual Violence Initiative","OT1210","PSVI",""
"Other bodies","Prison Service Pay Review Body","PB446","PSPRB",""
"Other bodies","Prisons and Probation Ombudsman","IM327","PPO",""
"Other bodies","Privy Council Office","OT342","PCO",""
"Other bodies","Probation Board for Northern Ireland","OT659","PBNI",""
"Other bodies","Procurement profession","OT1032","",""
"Other bodies","Professional Standards Authority for Health and Social Care","OT971","",""
"Other bodies","Project Delivery Profession","OT1031","",""
"Other bodies","Public Accounts Commission","OT627","",""
"Other bodies","Public Health Wales","OT1077","PHW","Public Health Wales"
"Other bodies","Public Prosecution Service for Northern Ireland","OT962","",""
"Other bodies","Pubs Code Adjudicator","OT1192","PCA",""
"Other bodies","Queen's Harbour Master","OT581","QHM",""
"Other bodies","Radioactive Waste Management","OT1150","RWM","Radioactive Waste Management"
"Other bodies","Rail Accident Investigation Branch","OT249","RAIB","Rail Accident Investigation Branch"
"Other bodies","Rail Safety and Standards Board","OT1207","RSSB",""
"Other bodies","Regeneration Investment Organisation","OT1081","",""
"Other bodies","Regulator of Social Housing","PB1218","RSH","Regulator of Social Housing"
"Other bodies","Regulatory Delivery","OT1189","",""
"Other bodies","Regulatory Policy Committee","PB354","RPC",""
"Other bodies","Remploy Ltd","PB350","Remploy",""
"Other bodies","Remploy Pension Scheme Trustees Ltd","OT1242","",""
"Other bodies","Reserve Forces' and Cadets' Associations","OT1065","RFCA",""
"Other bodies","Review Body for Nursing and Other Health Professions","OT604","",""
"Other bodies","Review Body on Doctors' and Dentists' Remuneration","PB530","DDRB","Review Body on Doctors' and Dentists' Remuneration"
"Other bodies","Roads Service","OT831","",""
"Other bodies","Royal Air Force Museum","PB308","RAFM",""
"Other bodies","Royal Armouries Museum","PB182","RA","Royal Armouries"
"Other bodies","Royal Marines Museum","PB310","RMM","Royal Marines Museum"
"Other bodies","Royal Mint","EA114","RM",""
"Other bodies","Royal Mint Advisory Committee","PB434","RMAC",""
"Other bodies","Royal Museums Greenwich","PB291","RMG",""
"Other bodies","Royal Navy Submarine Museum","OT409","RNSM",""
"Other bodies","Rural Development Programme for England Network","OT1060","RDPE Network","RDPE Network"
"Other bodies","S4C","PC387","S4C",""
"Other bodies","School Teachers' Review Body","PB414","STRB",""
"Other bodies","Schools Commissioners Group","OT1107","",""
"Other bodies","Science Advisory Council","PB211","SAC","Science Advisory Council"
"Other bodies","Science Museum Group","PB177","",""
"Other bodies","Science and Technology Facilities Council","PB135","STFC","Science and Technology Facilities Council"
"Other bodies","Scientific Advisory Committee on the Medical Implications of Less-Lethal Weapons","PB402","SACMILL","Scientific Advisory Committee on the Medical Implications of Less-Lethal Weapons"
"Other bodies","Scottish Hospital Trust","OT989","",""
"Other bodies","Scottish Law Commission","OT612","",""
"Other bodies","Sea Fish Industry Authority","OT205","Seafish",""
"Other bodies","Secret Intelligence Service","OT305","SIS",""
"Other bodies","Security Industry Authority","PB264","SIA",""
"Other bodies","Security Vetting Appeals Panel","PB367","SVAP",""
"Other bodies","Sellafield Ltd","OT1220","",""
"Other bodies","Senior Salaries Review Body","PB368","SSRB","Review Body on Senior Salaries"
"Other bodies","Sentence Review Commissioners","OT688","",""
"Other bodies","Sentencing Council for England and Wales","PB295","SC","Sentencing Council for England and Wales"
"Other bodies","Service Complaints Ombudsman","OT1168","",""
"Other bodies","Service Prosecuting Authority","OT406","SPA","Service Prosecuting Authority"
"Other bodies","Single Source Regulations Office","PB1093","SSRO",""
"Other bodies","Sir John Soane's Museum","PB183","Soane's","Sir John Soane’s Museum"
"Other bodies","Small Business Commissioner","PB1237","SBC",""
"Other bodies","Social Mobility Commission","PB1193","","Social Mobility Commission"
"Other bodies","Social Mobility and Child Poverty Commission","PB510","SMCP Commission","Social Mobility and Child Poverty Commission"
"Other bodies","Social Science Research Committee","PB578","SSRC","Social Science Research Committee"
"Other bodies","Social Security Advisory Committee","PB232","SSAC",""
"Other bodies","South Downs National Park Authority","OT546","SDNP","South Downs National Park Authority"
"Other bodies","South Eastern Education and Library Board","OT857","",""
"Other bodies","Southern Health and Social Services Board","OT864","",""
"Other bodies","Special EU Programmes Body","OT795","",""
"Other bodies","Sport England","PB190","SE",""
"Other bodies","Sports Council for Northern Ireland","OT694","",""
"Other bodies","Sports Council for Wales","OT734","",""
"Other bodies","Sports Grounds Safety Authority","PB184","SGSA",""
"Other bodies","Stabilisation Unit","OT1086","SU",""
"Other bodies","Staff Commission for Education and Library Boards","OT751","",""
"Other bodies","Student Loans Company","PB27","SLC",""
"Other bodies","Surveillance Camera Commissioner","OT552","SCC","Surveillance Camera Commissioner"
"Other bodies","Tate","PB571","Tate","The Tate"
"Other bodies","Technical Advisory Board","PB274","TAB",""
"Other bodies","Technology Strategy Board","PB136","",""
"Other bodies","The Adjudicator’s Office","OT433","",""
"Other bodies","The Advisory Council on National Records and Archives","PB438","ACNRA",""
"Other bodies","The Children and Family Court Advisory and Support Service","PB246","Cafcass","Cafcass"
"Other bodies","The Crown Estate","OT100","",""
"Other bodies","The Executive Office (Northern Ireland)","OT1179","",""
"Other bodies","The Legal Ombudsman","IM329","",""
"Other bodies","The Parliamentary and Health Service Ombudsman","OT519","The Ombudsman","The Parliamentary and Health Service Ombudsman"
"Other bodies","The Pensions Advisory Service","PB233","TPAS",""
"Other bodies","The Pensions Regulator","PB234","TPR",""
"Other bodies","The Reviewing Committee on the Export of Works of Art and Objects of Cultural Interest","PB382","RCEWA","The Reviewing Committee on the Export of Works of Art and Objects of Cultural Interest"
"Other bodies","The Security Service","OT304","MI5",""
"Other bodies","The Theatres Trust","PB380","TTT",""
"Other bodies","Transport Focus","PB1118","",""
"Other bodies","Treasure Valuation Committee","PB383","TVC",""
"Other bodies","Tribunal Procedure Committee","PB448","TPC",""
"Other bodies","Trinity House","PB462","TLS",""
"Other bodies","Trust ports","PC468","TP",""
"Other bodies","UK Anti-Doping","PB377","UKAD",""
"Other bodies","UK Atomic Energy Authority","PB137","UKAEA","UK Atomic Energy Authority"
"Other bodies","UK Co-ordinating Body","OT1022","UKCB",""
"Other bodies","UK Commission for Employment and Skills","PB138","UKCES","UK Commission for Employment and Skills"
"Other bodies","UK Financial Investments Limited","PC259","UKFI","UK Financial Investments Limited"
"Other bodies","UK Government Decontamination Service","EA844","",""
"Other bodies","UK Government Investments","OT1186","UKGI","UK Government Investments"
"Other bodies","UK Green Investment Bank","OT360","GIB",""
"Other bodies","UK Holocaust Memorial Foundation","PB1171","UKHMF","UK Holocaust Memorial Foundation"
"Other bodies","UK Research and Innovation","PB1221","UKRI",""
"Other bodies","UK Sport","PB185","UKSP",""
"Other bodies","UK Visas and Immigration","OT554","UKVI",""
"Other bodies","UKTI Education","OT1067","UKTI Education",""
"Other bodies","UKTI Life Sciences Organisation","OT1068","UKTI LSO","Life Sciences Organisation"
"Other bodies","United Kingdom Blood Transfusion Services","OT1004","",""
"Other bodies","United Kingdom Reserve Forces Association","OT1112","UKRFA",""
"Other bodies","Valuation Tribunal Service","PB375","VTS",""
"Other bodies","Veterans Advisory and Pensions Committees","PB403","VAPC","Veterans Advisory and Pensions Committees"
"Other bodies","Veterans UK","OT1087","Veterans UK",""
"Other bodies","Veterinary Products Committee","PB212","VPC","Veterinary Products Committee"
"Other bodies","Victims' Commissioner","PB326","",""
"Other bodies","Victoria and Albert Museum","PB378","VAM",""
"Other bodies","VisitBritain","PB186","VB",""
"Other bodies","VisitEngland","PB376","VE",""
"Other bodies","Wales Audit Office","OT908","",""
"Other bodies","Wallace Collection","PB187","",""
"Other bodies","Waterways Ireland","OT869","",""
"Other bodies","Wave Hub","OT572","",""
"Other bodies","Welsh Language Commissioner","OT1101","","Welsh Language Commissioner"
"Other bodies","Western Education and Library Board","OT858","",""
"Other bodies","Western Health and Social Services Board","OT866","",""
"Other bodies","Westminster Foundation for Democracy","OT316","","Westminster Foundation for Democracy"
"Other bodies","Yorkshire Dales National Park Authority","OT547","YDNP","Yorkshire Dales National Park Authority"
"Other bodies","Youth Justice Board for England and Wales","PB302","YJB","Youth Justice Board for England and Wales"
"Courts and Tribunals","Administrative Court","CO1188","",""
"Courts and Tribunals","Admiralty Court","CO1147","",""
"Courts and Tribunals","Central Arbitration Committee","PB148","CAC",""
"Courts and Tribunals","Chancery Division of the High Court","CO1205","",""
"Courts and Tribunals","Commercial Circuit Court","CO1158","",""
"Courts and Tribunals","Commercial Court","CO1159","",""
"Courts and Tribunals","Companies List","CO1160","",""
"Courts and Tribunals","Competition Appeal Tribunal","PB140","CAT",""
"Courts and Tribunals","Copyright Tribunal","PB355","",""
"Courts and Tribunals","Council on Tribunals","PB973","",""
"Courts and Tribunals","Court of Appeal Civil Division","CO1163","","Court of Appeal Civil Division"
"Courts and Tribunals","Court of Appeal Criminal Division","CO1181","",""
"Courts and Tribunals","Court of Protection","OT1100","COP",""
"Courts and Tribunals","Employment Appeal Tribunal","CO1134","",""
"Courts and Tribunals","Employment Tribunal","CO1133","",""
"Courts and Tribunals","Family Division of the High Court","CO1155","",""
"Courts and Tribunals","First-tier Tribunal (Asylum Support)","CO1127","",""
"Courts and Tribunals","First-tier Tribunal (Care Standards)","CO1131","",""
"Courts and Tribunals","First-tier Tribunal (Criminal Injuries Compensation)","CO1130","",""
"Courts and Tribunals","First-tier Tribunal (General Regulatory Chamber)","CO1125","",""
"Courts and Tribunals","First-tier Tribunal (Immigration and Asylum)","PB1143","",""
"Courts and Tribunals","First-tier Tribunal (Mental Health)","CO1124","",""
"Courts and Tribunals","First-tier Tribunal (Property Chamber)","PB1139","",""
"Courts and Tribunals","First-tier Tribunal (Social Security and Child Support)","CO1136","",""
"Courts and Tribunals","First-tier Tribunal (Special Educational Needs and Disability)","CO1145","",""
"Courts and Tribunals","First-tier Tribunal (Tax)","CO1128","",""
"Courts and Tribunals","First-tier Tribunal (War Pensions and Armed Forces Compensation)","CO1126","",""
"Courts and Tribunals","Foreign Compensation Commission","PB257","FCC",""
"Courts and Tribunals","Gangmasters Licensing Appeals","CO1129","",""
"Courts and Tribunals","Insolvency List","CO1120","",""
"Courts and Tribunals","Insolvency Practitioners Tribunal","PB521","IPT","Insolvency Practitioners Tribunal"
"Courts and Tribunals","Intellectual Property Enterprise Court","CO1162","",""
"Courts and Tribunals","Investigatory Powers Tribunal","PB270","IPT",""
"Courts and Tribunals","Northampton County Court Business Centre","CO1165","",""
"Courts and Tribunals","Office of Surveillance Commissioners","PB457","OSC",""
"Courts and Tribunals","Patents Court","CO1170","",""
"Courts and Tribunals","Pension Protection Fund Ombudsman","PB235","PPFO","The Pension Protection Fund Ombudsman"
"Courts and Tribunals","Pensions Ombudsman","PB236","PO","The Pensions Ombudsman"
"Courts and Tribunals","Planning Court","CO1156","",""
"Courts and Tribunals","Plant Varieties and Seeds Tribunal","PB423","PVST",""
"Courts and Tribunals","Police Arbitration Tribunal","PB277","PAT","Police Arbitration Tribunal"
"Courts and Tribunals","Police Discipline Appeals Tribunal","PB278","Police Discipline",""
"Courts and Tribunals","Queen's Bench Division of the High Court","CO1183","",""
"Courts and Tribunals","Reserve Forces Appeal Tribunal","PB1138","",""
"Courts and Tribunals","Senior Courts Costs Office","CO1135","",""
"Courts and Tribunals","Technology and Construction Court","CO1157","",""
"Courts and Tribunals","The Business List","CO1229","",""
"Courts and Tribunals","The Business and Property Courts","CO1224","","The Business and Property Courts"
"Courts and Tribunals","The Competition List","CO1228","",""
"Courts and Tribunals","The Financial List","CO1227","",""
"Courts and Tribunals","The Intellectual Property List","CO1226","","The Intellectual Property List"
"Courts and Tribunals","The Property, Trusts and Probate List","CO1225","","The Property, Trusts and Probate List"
"Courts and Tribunals","The Revenue List","CO1230","",""
"Courts and Tribunals","Traffic Commissioners for Great Britain","PB465","TC","Traffic Commissioners for Great Britain"
"Courts and Tribunals","Upper Tribunal (Administrative Appeals Chamber)","PB1142","",""
"Courts and Tribunals","Upper Tribunal (Immigration and Asylum Chamber)","PB1144","",""
"Courts and Tribunals","Upper Tribunal (Lands Chamber)","PB1141","",""
"Courts and Tribunals","Upper Tribunal (Tax and Chancery Chamber)","PB1140","",""
"Courts and Tribunals","Valuation Tribunal for England","PB1204","VTE","Valuation Tribunal for England"
"Civil Service","Civil Service","CS1028","the Civil Service",""
"Devolved administrations","Northern Ireland Executive","DA1021","",""
"Devolved administrations","Scottish Government","DA1020","The Scottish Government","Scottish Government|The Scottish Government"
"Devolved administrations","Welsh Government","DA1019","","Welsh Government"
"Public corporations","Architects Registration Board","PC163","ARB",""
"Public corporations","BBC","PC388","BBC",""
"Public corporations","BBC World Service","PC427","BBCWS",""
"Public corporations","BRB (Residuary) Ltd","PC467","BRBR",""
"Public corporations","Channel 4","PC386","C4",""
"Public corporations","Civil Aviation Authority","PC469","CAA",""
"Public corporations","Historic Royal Palaces","PC389","HRP",""
"Public corporations","London and Continental Railways Ltd","PC493","LCR","London and Continental Railways Limited|London and Continental Railways Limited"
"Public corporations","National Employment Savings Trust (NEST) Corporation","OT237","NEST Corporation",""
"Public corporations","Office for Nuclear Regulation","PC1059","ONR","Office for Nuclear Regulation"
"Public corporations","Ordnance Survey","D38","OS",""
"Public corporations","Pension Protection Fund","PB348","PPF","Pension Protection Fund"
"Public corporations","Royal Mail","PC970","",""
"Public corporations","The Oil and Pipelines Agency","PB401","OPA",""
"Independent bodies","Independent Anti-slavery Commissioner","IM1123","IASC",""
"Independent bodies","Office of Tax Simplification","OT261","OTS","Office of Tax Simplification"
"Independent bodies","The Electoral Commission","IM1203","",""
